Deandre Ayton,Mikal Bridges,Cameron Johnson,Chris Paul,Jae Crowder,Devin Booker,Jevon Carter,Langston Galloway,Frank Kaminsky,Cameron Payne,E'Twaun Moore,Abdel Nader,Dario Šarić,Jalen Smith,Ty-Shon Alexander
is hot,,,,,,,,,,,,,,
,is hot,,,,,,,,,,,,,
,,is hot,,,,,,,,,,,,
,,,is hot,,,,,,,,,,,
,,,,is hot,,,,,,,,,,
,,,,,is hot,,,,,,,,,
,,,,,,is hot,,,,,,,,
,,,,,,,is hot,,,,,,,
,,,,,,,,is hot,,,,,,
,,,,,,,,,is hot,,,,,
,,,,,,,,,,is hot,,,,
,,,,,,,,,,,is hot,,,
,,,,,,,,,,,,is hot,,
,,,,,,,,,,,,,is hot,
,,,,,,,,,,,,,,is hot
